DMS_id,UniProt_ID,super_cluster,fold_protein_5
A0A140D2T1_ZIKV_Sourisseau_2019,A0A140D2T1_ZIKV,A0A140D2T1_ZIKV,2
A0A192B1T2_9HIV1_Haddox_2018,A0A192B1T2_9HIV1,ENV_HV1BR,3
A0A1I9GEU1_NEIME_Kennouche_2019,A0A1I9GEU1_NEIME,A0A1I9GEU1_NEIME,0
A0A247D711_LISMN_Stadelmann_2021,A0A247D711_LISMN,A0A247D711_LISMN,0
A0A2Z5U3Z0_9INFA_Doud_2016,A0A2Z5U3Z0_9INFA,C6KNH7_9INFA,4
A0A2Z5U3Z0_9INFA_Wu_2014,A0A2Z5U3Z0_9INFA,C6KNH7_9INFA,4
A4_HUMAN_Seuma_2022,A4_HUMAN,A4_HUMAN,4
A4D664_9INFA_Soh_2019,A4D664_9INFA,A4D664_9INFA,0
A4GRB6_PSEAI_Chen_2020,A4GRB6_PSEAI,A4GRB6_PSEAI,1
AACC1_PSEAI_Dandage_2018,AACC1_PSEAI,AACC1_PSEAI,4
ACE2_HUMAN_Chan_2020,ACE2_HUMAN,ACE2_HUMAN,2
ADRB2_HUMAN_Jones_2020,ADRB2_HUMAN,ADRB2_HUMAN,4
AICDA_HUMAN_Gajula_2014_3cycles,AICDA_HUMAN,AICDA_HUMAN,1
AMFR_HUMAN_Tsuboyama_2023_4G3O,AMFR_HUMAN,AMFR_HUMAN,3
AMIE_PSEAE_Wrenbeck_2017,AMIE_PSEAE,AMIE_PSEAE,1
ANCSZ_Hobbs_2022,ANCSZ,ERBB2_HUMAN,0
ARGR_ECOLI_Tsuboyama_2023_1AOY,ARGR_ECOLI,ARGR_ECOLI,3
B2L11_HUMAN_Dutta_2010_binding-Mcl-1,B2L11_HUMAN,B2L11_HUMAN,2
BBC1_YEAST_Tsuboyama_2023_1TG0,BBC1_YEAST,BBC1_YEAST,4
BCHB_CHLTE_Tsuboyama_2023_2KRU,BCHB_CHLTE,BCHB_CHLTE,1
BLAT_ECOLX_Deng_2012,BLAT_ECOLX,BLAT_ECOLX,2
BLAT_ECOLX_Firnberg_2014,BLAT_ECOLX,BLAT_ECOLX,2
BLAT_ECOLX_Jacquier_2013,BLAT_ECOLX,BLAT_ECOLX,2
BLAT_ECOLX_Stiffler_2015,BLAT_ECOLX,BLAT_ECOLX,2
BRCA1_HUMAN_Findlay_2018,BRCA1_HUMAN,BRCA1_HUMAN,0
BRCA2_HUMAN_Erwood_2022_HEK293T,BRCA2_HUMAN,BRCA2_HUMAN,0
C6KNH7_9INFA_Lee_2018,C6KNH7_9INFA,C6KNH7_9INFA,4
CALM1_HUMAN_Weile_2017,CALM1_HUMAN,CALM1_HUMAN,3
CAPSD_AAV2S_Sinai_2021,CAPSD_AAV2S,CAPSD_AAV2S,1
CAR11_HUMAN_Meitlis_2020_gof,CAR11_HUMAN,CAR11_HUMAN,0
CAR11_HUMAN_Meitlis_2020_lof,CAR11_HUMAN,CAR11_HUMAN,0
CAS9_STRP1_Spencer_2017_positive,CAS9_STRP1,CAS9_STRP1,2
CASP3_HUMAN_Roychowdhury_2020,CASP3_HUMAN,CASP7_HUMAN,4
CASP7_HUMAN_Roychowdhury_2020,CASP7_HUMAN,CASP7_HUMAN,4
CATR_CHLRE_Tsuboyama_2023_2AMI,CATR_CHLRE,CALM1_HUMAN,3
CBPA2_HUMAN_Tsuboyama_2023_1O6X,CBPA2_HUMAN,CBPA2_HUMAN,4
CBS_HUMAN_Sun_2020,CBS_HUMAN,CBS_HUMAN,2
CBX4_HUMAN_Tsuboyama_2023_2K28,CBX4_HUMAN,CBX4_HUMAN,4
CCDB_ECOLI_Adkar_2012,CCDB_ECOLI,CCDB_ECOLI,2
CCDB_ECOLI_Tripathi_2016,CCDB_ECOLI,CCDB_ECOLI,2
CCR5_HUMAN_Gill_2023,CCR5_HUMAN,CCR5_HUMAN,3
CD19_HUMAN_Klesmith_2019_FMC_singles,CD19_HUMAN,CD19_HUMAN,3
CP2C9_HUMAN_Amorosi_2021_abundance,CP2C9_HUMAN,CP2C9_HUMAN,1
CP2C9_HUMAN_Amorosi_2021_activity,CP2C9_HUMAN,CP2C9_HUMAN,1
CSN4_MOUSE_Tsuboyama_2023_1UFM,CSN4_MOUSE,CSN4_MOUSE,4
CUE1_YEAST_Tsuboyama_2023_2MYX,CUE1_YEAST,CUE1_YEAST,0
D7PM05_CLYGR_Somermeyer_2022,D7PM05_CLYGR,GFP_AEQVI,1
DLG4_HUMAN_Faure_2021,DLG4_HUMAN,DLG4_HUMAN,3
DLG4_RAT_McLaughlin_2012,DLG4_RAT,DLG4_HUMAN,3
DN7A_SACS2_Tsuboyama_2023_1JIC,DN7A_SACS2,DN7A_SACS2,4
DNJA1_HUMAN_Tsuboyama_2023_2LO1,DNJA1_HUMAN,DNJA1_HUMAN,0
DOCK1_MOUSE_Tsuboyama_2023_2M0Y,DOCK1_MOUSE,DOCK1_MOUSE,3
DYR_ECOLI_Nguyen_2023,DYR_ECOLI,DYR_ECOLI,1
DYR_ECOLI_Thompson_2019,DYR_ECOLI,DYR_ECOLI,1
ENV_HV1B9_DuenasDecamp_2016,ENV_HV1B9,ENV_HV1BR,3
ENV_HV1BR_Haddox_2016,ENV_HV1BR,ENV_HV1BR,3
ENVZ_ECOLI_Ghose_2023,ENVZ_ECOLI,ENVZ_ECOLI,2
EPHB2_HUMAN_Tsuboyama_2023_1F0M,EPHB2_HUMAN,EPHB2_HUMAN,2
ERBB2_HUMAN_Elazar_2016,ERBB2_HUMAN,ERBB2_HUMAN,0
ESTA_BACSU_Nutschel_2020,ESTA_BACSU,ESTA_BACSU,1
F7YBW8_MESOW_Ding_2023,F7YBW8_MESOW,F7YBW7_MESOW,4
F7YBW8_MESOW_Aakre_2015,F7YBW8_MESOW,F7YBW7_MESOW,4
FECA_ECOLI_Tsuboyama_2023_2D1U,FECA_ECOLI,FECA_ECOLI,1
FKBP3_HUMAN_Tsuboyama_2023_2KFV,FKBP3_HUMAN,FKBP3_HUMAN,0
GAL4_YEAST_Kitzman_2015,GAL4_YEAST,GAL4_YEAST,3
GCN4_YEAST_Staller_2018,GCN4_YEAST,GCN4_YEAST,1
GDIA_HUMAN_Silverstein_2021,GDIA_HUMAN,GDIA_HUMAN,0
GFP_AEQVI_Sarkisyan_2016,GFP_AEQVI,GFP_AEQVI,1
GLPA_HUMAN_Elazar_2016,GLPA_HUMAN,GLPA_HUMAN,0
GRB2_HUMAN_Faure_2021,GRB2_HUMAN,GRB2_HUMAN,4
HCP_LAMBD_Tsuboyama_2023_2L6Q,HCP_LAMBD,HCP_LAMBD,3
HECD1_HUMAN_Tsuboyama_2023_3DKM,HECD1_HUMAN,HECD1_HUMAN,2
HEM3_HUMAN_Loggerenberg_2023,HEM3_HUMAN,HEM3_HUMAN,3
HIS7_YEAST_Pokusaeva_2019,HIS7_YEAST,HIS7_YEAST,3
HMDH_HUMAN_Jiang_2019,HMDH_HUMAN,HMDH_HUMAN,2
HSP82_YEAST_Cote-Hammarlof_2020_growth-H2O2,HSP82_YEAST,HSP82_YEAST,2
HSP82_YEAST_Flynn_2019,HSP82_YEAST,HSP82_YEAST,2
HSP82_YEAST_Mishra_2016,HSP82_YEAST,HSP82_YEAST,2
HXK4_HUMAN_Gersing_2022_activity,HXK4_HUMAN,HXK4_HUMAN,1
HXK4_HUMAN_Gersing_2023_abundance,HXK4_HUMAN,HXK4_HUMAN,1
I6TAH8_I68A0_Doud_2015,I6TAH8_I68A0,I6TAH8_I68A0,3
IF1_ECOLI_Kelsic_2016,IF1_ECOLI,IF1_ECOLI,3
ILF3_HUMAN_Tsuboyama_2023_2L33,ILF3_HUMAN,ILF3_HUMAN,4
ISDH_STAAW_Tsuboyama_2023_2LHR,ISDH_STAAW,ISDH_STAAW,3
KCNE1_HUMAN_Muhammad_2023_expression,KCNE1_HUMAN,KCNE1_HUMAN,2
KCNE1_HUMAN_Muhammad_2023_function,KCNE1_HUMAN,KCNE1_HUMAN,2
KCNH2_HUMAN_Kozek_2020,KCNH2_HUMAN,KCNH2_HUMAN,2
KCNJ2_MOUSE_Coyote-Maestas_2022_function,KCNJ2_MOUSE,KCNJ2_MOUSE,3
KCNJ2_MOUSE_Coyote-Maestas_2022_surface,KCNJ2_MOUSE,KCNJ2_MOUSE,3
KKA2_KLEPN_Melnikov_2014,KKA2_KLEPN,KKA2_KLEPN,4
LGK_LIPST_Klesmith_2015,LGK_LIPST,LGK_LIPST,3
LYAM1_HUMAN_Elazar_2016,LYAM1_HUMAN,LYAM1_HUMAN,3
MAFG_MOUSE_Tsuboyama_2023_1K1V,MAFG_MOUSE,MAFG_MOUSE,4
MBD11_ARATH_Tsuboyama_2023_6ACV,MBD11_ARATH,MBD11_ARATH,0
MET_HUMAN_Estevam_2023,MET_HUMAN,ERBB2_HUMAN,0
MK01_HUMAN_Brenan_2016,MK01_HUMAN,MK01_HUMAN,1
MLAC_ECOLI_MacRae_2023,MLAC_ECOLI,MLAC_ECOLI,4
MSH2_HUMAN_Jia_2020,MSH2_HUMAN,MSH2_HUMAN,0
MTH3_HAEAE_RockahShmuel_2015,MTH3_HAEAE,MTH3_HAEAE,4
MTHR_HUMAN_Weile_2021,MTHR_HUMAN,MTHR_HUMAN,0
MYO3_YEAST_Tsuboyama_2023_2BTT,MYO3_YEAST,MYO3_YEAST,0
NCAP_I34A1_Doud_2015,NCAP_I34A1,I6TAH8_I68A0,3
NKX31_HUMAN_Tsuboyama_2023_2L9R,NKX31_HUMAN,NKX31_HUMAN,1
NPC1_HUMAN_Erwood_2022_HEK293T,NPC1_HUMAN,NPC1_HUMAN,1
NPC1_HUMAN_Erwood_2022_RPE1,NPC1_HUMAN,NPC1_HUMAN,1
NRAM_I33A0_Jiang_2016,NRAM_I33A0,NRAM_I33A0,2
NUD15_HUMAN_Suiter_2020,NUD15_HUMAN,NUD15_HUMAN,0
NUSA_ECOLI_Tsuboyama_2023_1WCL,NUSA_ECOLI,NUSA_ECOLI,0
NUSG_MYCTU_Tsuboyama_2023_2MI6,NUSG_MYCTU,NUSG_MYCTU,0
OBSCN_HUMAN_Tsuboyama_2023_1V1C,OBSCN_HUMAN,OBSCN_HUMAN,4
ODP2_GEOSE_Tsuboyama_2023_1W4G,ODP2_GEOSE,ODP2_GEOSE,1
OPSD_HUMAN_Wan_2019,OPSD_HUMAN,OPSD_HUMAN,2
OTC_HUMAN_Lo_2023,OTC_HUMAN,OTC_HUMAN,2
OTU7A_HUMAN_Tsuboyama_2023_2L2D,OTU7A_HUMAN,OTU7A_HUMAN,4
OXDA_RHOTO_Vanella_2023_activity,OXDA_RHOTO,OXDA_RHOTO,4
OXDA_RHOTO_Vanella_2023_expression,OXDA_RHOTO,OXDA_RHOTO,4
P53_HUMAN_Giacomelli_2018_Null_Etoposide,P53_HUMAN,P53_HUMAN,1
P53_HUMAN_Giacomelli_2018_Null_Nutlin,P53_HUMAN,P53_HUMAN,1
P53_HUMAN_Giacomelli_2018_WT_Nutlin,P53_HUMAN,P53_HUMAN,1
P53_HUMAN_Kotler_2018,P53_HUMAN,P53_HUMAN,1
P84126_THETH_Chan_2017,P84126_THETH,P84126_THETH,4
PA_I34A1_Wu_2015,PA_I34A1,PA_I34A1,2
PABP_YEAST_Melamed_2013,PABP_YEAST,PABP_YEAST,1
PAI1_HUMAN_Huttinger_2021,PAI1_HUMAN,PAI1_HUMAN,1
PHOT_CHLRE_Chen_2023,PHOT_CHLRE,KCNH2_HUMAN,2
PIN1_HUMAN_Tsuboyama_2023_1I6C,PIN1_HUMAN,PIN1_HUMAN,1
PITX2_HUMAN_Tsuboyama_2023_2L7M,PITX2_HUMAN,NKX31_HUMAN,1
PKN1_HUMAN_Tsuboyama_2023_1URF,PKN1_HUMAN,PKN1_HUMAN,3
POLG_CXB3N_Mattenberger_2021,POLG_CXB3N,POLG_CXB3N,1
POLG_DEN26_Suphatrakul_2023,POLG_DEN26,A0A140D2T1_ZIKV,2
POLG_HCVJF_Qi_2014,POLG_HCVJF,POLG_HCVJF,1
POLG_PESV_Tsuboyama_2023_2MXD,POLG_PESV,POLG_PESV,4
PPARG_HUMAN_Majithia_2016,PPARG_HUMAN,PPARG_HUMAN,3
PPM1D_HUMAN_Miller_2022,PPM1D_HUMAN,PPM1D_HUMAN,4
PR40A_HUMAN_Tsuboyama_2023_1UZC,PR40A_HUMAN,PR40A_HUMAN,2
PRKN_HUMAN_Clausen_2023,PRKN_HUMAN,PRKN_HUMAN,4
PSAE_PICP2_Tsuboyama_2023_1PSE,PSAE_PICP2,PSAE_SYNP2,2
PTEN_HUMAN_Matreyek_2021,PTEN_HUMAN,PTEN_HUMAN,2
PTEN_HUMAN_Mighell_2018,PTEN_HUMAN,PTEN_HUMAN,2
Q2N0S5_9HIV1_Haddox_2018,Q2N0S5_9HIV1,ENV_HV1BR,3
Q53Z42_HUMAN_McShan_2019_binding-TAPBPR,Q53Z42_HUMAN,Q53Z42_HUMAN,4
Q53Z42_HUMAN_McShan_2019_expression,Q53Z42_HUMAN,Q53Z42_HUMAN,4
Q59976_STRSQ_Romero_2015,Q59976_STRSQ,Q59976_STRSQ,4
Q6WV12_9MAXI_Somermeyer_2022,Q6WV12_9MAXI,Q6WV12_9MAXI,4
Q837P4_ENTFA_Meier_2023,Q837P4_ENTFA,Q837P4_ENTFA,3
Q837P5_ENTFA_Meier_2023,Q837P5_ENTFA,Q837P4_ENTFA,3
Q8WTC7_9CNID_Somermeyer_2022,Q8WTC7_9CNID,GFP_AEQVI,1
R1AB_SARS2_Flynn_2022,R1AB_SARS2,R1AB_SARS2,2
RAD_ANTMA_Tsuboyama_2023_2CJJ,RAD_ANTMA,RAD_ANTMA,2
RAF1_HUMAN_Zinkus-Boltz_2019,RAF1_HUMAN,ERBB2_HUMAN,0
RASH_HUMAN_Bandaru_2017,RASH_HUMAN,RASH_HUMAN,4
RASK_HUMAN_Weng_2022_abundance,RASK_HUMAN,RASH_HUMAN,4
RASK_HUMAN_Weng_2022_binding-DARPin_K55,RASK_HUMAN,RASH_HUMAN,4
RBP1_HUMAN_Tsuboyama_2023_2KWH,RBP1_HUMAN,RBP1_HUMAN,1
RCD1_ARATH_Tsuboyama_2023_5OAO,RCD1_ARATH,RCD1_ARATH,4
RCRO_LAMBD_Tsuboyama_2023_1ORC,RCRO_LAMBD,RCRO_LAMBD,2
RD23A_HUMAN_Tsuboyama_2023_1IFY,RD23A_HUMAN,RD23A_HUMAN,1
RDRP_I33A0_Li_2023,RDRP_I33A0,RDRP_I33A0,3
REV_HV1H2_Fernandes_2016,REV_HV1H2,REV_HV1H2,0
RFAH_ECOLI_Tsuboyama_2023_2LCL,RFAH_ECOLI,RFAH_ECOLI,2
RL20_AQUAE_Tsuboyama_2023_1GYZ,RL20_AQUAE,RL20_AQUAE,0
RL40A_YEAST_Mavor_2016,RL40A_YEAST,RL40A_YEAST,0
RL40A_YEAST_Roscoe_2013,RL40A_YEAST,RL40A_YEAST,0
RL40A_YEAST_Roscoe_2014,RL40A_YEAST,RL40A_YEAST,0
RNC_ECOLI_Weeks_2023,RNC_ECOLI,RNC_ECOLI,0
RPC1_BP434_Tsuboyama_2023_1R69,RPC1_BP434,RPC1_BP434,0
RPC1_LAMBD_Li_2019_high-expression,RPC1_LAMBD,RPC1_LAMBD,0
RPC1_LAMBD_Li_2019_low-expression,RPC1_LAMBD,RPC1_LAMBD,0
RS15_GEOSE_Tsuboyama_2023_1A32,RS15_GEOSE,RS15_GEOSE,2
S22A1_HUMAN_Yee_2023_abundance,S22A1_HUMAN,S22A1_HUMAN,3
S22A1_HUMAN_Yee_2023_activity,S22A1_HUMAN,S22A1_HUMAN,3
SAV1_MOUSE_Tsuboyama_2023_2YSB,SAV1_MOUSE,SAV1_MOUSE,2
SBI_STAAM_Tsuboyama_2023_2JVG,SBI_STAAM,SBI_STAAM,3
SC6A4_HUMAN_Young_2021,SC6A4_HUMAN,SC6A4_HUMAN,1
SCIN_STAAR_Tsuboyama_2023_2QFF,SCIN_STAAR,SCIN_STAAR,3
SCN5A_HUMAN_Glazer_2019,SCN5A_HUMAN,SCN5A_HUMAN,4
SDA_BACSU_Tsuboyama_2023_1PV0,SDA_BACSU,SDA_BACSU,3
SERC_HUMAN_Xie_2023,SERC_HUMAN,SERC_HUMAN,3
SHOC2_HUMAN_Kwon_2022,SHOC2_HUMAN,SHOC2_HUMAN,4
SOX30_HUMAN_Tsuboyama_2023_7JJK,SOX30_HUMAN,SOX30_HUMAN,3
SPA_STAAU_Tsuboyama_2023_1LP1,SPA_STAAU,SPA_STAAU,1
SPG1_STRSG_Olson_2014,SPG1_STRSG,SPG1_STRSG,0
SPG1_STRSG_Wu_2016,SPG1_STRSG,SPG1_STRSG,0
SPG2_STRSG_Tsuboyama_2023_5UBS,SPG2_STRSG,SPG1_STRSG,0
SPIKE_SARS2_Starr_2020_binding,SPIKE_SARS2,SPIKE_SARS2,0
SPIKE_SARS2_Starr_2020_expression,SPIKE_SARS2,SPIKE_SARS2,0
SPTN1_CHICK_Tsuboyama_2023_1TUD,SPTN1_CHICK,SPTN1_CHICK,1
SQSTM_MOUSE_Tsuboyama_2023_2RRU,SQSTM_MOUSE,SQSTM_MOUSE,1
SR43C_ARATH_Tsuboyama_2023_2N88,SR43C_ARATH,SR43C_ARATH,4
SRBS1_HUMAN_Tsuboyama_2023_2O2W,SRBS1_HUMAN,SRBS1_HUMAN,0
SRC_HUMAN_Ahler_2019,SRC_HUMAN,ERBB2_HUMAN,0
SRC_HUMAN_Chakraborty_2023_binding-DAS_25uM,SRC_HUMAN,ERBB2_HUMAN,0
SRC_HUMAN_Nguyen_2022,SRC_HUMAN,ERBB2_HUMAN,0
SUMO1_HUMAN_Weile_2017,SUMO1_HUMAN,SUMO1_HUMAN,1
SYUA_HUMAN_Newberry_2020,SYUA_HUMAN,SYUA_HUMAN,3
TADBP_HUMAN_Bolognesi_2019,TADBP_HUMAN,TADBP_HUMAN,2
TAT_HV1BR_Fernandes_2016,TAT_HV1BR,TAT_HV1BR,3
TCRG1_MOUSE_Tsuboyama_2023_1E0L,TCRG1_MOUSE,TCRG1_MOUSE,2
THO1_YEAST_Tsuboyama_2023_2WQG,THO1_YEAST,THO1_YEAST,2
TNKS2_HUMAN_Tsuboyama_2023_5JRT,TNKS2_HUMAN,TNKS2_HUMAN,0
TPK1_HUMAN_Weile_2017,TPK1_HUMAN,TPK1_HUMAN,3
TPMT_HUMAN_Matreyek_2018,TPMT_HUMAN,TPMT_HUMAN,2
TPOR_HUMAN_Bridgford_2020,TPOR_HUMAN,TPOR_HUMAN,0
TRPC_SACS2_Chan_2017,TRPC_SACS2,P84126_THETH,4
TRPC_THEMA_Chan_2017,TRPC_THEMA,P84126_THETH,4
UBC9_HUMAN_Weile_2017,UBC9_HUMAN,UBC9_HUMAN,2
UBE4B_HUMAN_Tsuboyama_2023_3L1X,UBE4B_HUMAN,UBE4B_MOUSE,3
UBE4B_MOUSE_Starita_2013,UBE4B_MOUSE,UBE4B_MOUSE,3
UBR5_HUMAN_Tsuboyama_2023_1I2T,UBR5_HUMAN,UBR5_HUMAN,2
VG08_BPP22_Tsuboyama_2023_2GP8,VG08_BPP22,VG08_BPP22,4
VILI_CHICK_Tsuboyama_2023_1YU5,VILI_CHICK,VILI_CHICK,2
VKOR1_HUMAN_Chiasson_2020_abundance,VKOR1_HUMAN,VKOR1_HUMAN,1
VKOR1_HUMAN_Chiasson_2020_activity,VKOR1_HUMAN,VKOR1_HUMAN,1
VRPI_BPT7_Tsuboyama_2023_2WNM,VRPI_BPT7,VRPI_BPT7,1
YAIA_ECOLI_Tsuboyama_2023_2KVT,YAIA_ECOLI,YAIA_ECOLI,3
YAP1_HUMAN_Araya_2012,YAP1_HUMAN,YAP1_HUMAN,1
YNZC_BACSU_Tsuboyama_2023_2JVD,YNZC_BACSU,YNZC_BACSU,1
